{
  "accuracy": 0.8775510204081632,
  "macro_f1": 0.7902198878605688,
  "f1_real": 0.9255725190839694,
  "f1_fake": 0.6548672566371682,
  "fake_precision": 0.7115384615384616,
  "fake_recall": 0.6065573770491803,
  "pred_fake": 208,
  "true_fake": 244,
  "tn": 970,
  "fp": 60,
  "fn": 96,
  "tp": 148,
  "threshold": 0.6000000000000003,
  "loss": 0.42517800561406394,
  "raw_macro_f1": 0.7707799500173991,
  "raw_f1_fake": 0.6300813008130082,
  "epoch": 3,
  "test": {
    "accuracy": 0.8712241653418124,
    "macro_f1": 0.7807938044530494,
    "f1_real": 0.9215876089060987,
    "f1_fake": 0.64,
    "fake_precision": 0.6666666666666666,
    "fake_recall": 0.6153846153846154,
    "pred_fake": 216,
    "true_fake": 234,
    "tn": 952,
    "fp": 72,
    "fn": 90,
    "tp": 144,
    "threshold": 0.6000000000000003,
    "loss": 0.44193587613011165
  },
  "test_at_0_5": {
    "accuracy": 0.856120826709062,
    "macro_f1": 0.7688427314765465,
    "f1_real": 0.9108813392417529,
    "f1_fake": 0.6268041237113402,
    "fake_precision": 0.6055776892430279,
    "fake_recall": 0.6495726495726496,
    "pred_fake": 251,
    "true_fake": 234,
    "tn": 925,
    "fp": 99,
    "fn": 82,
    "tp": 152,
    "threshold": 0.5
  },
  "winner": "best",
  "winner_threshold": 0.6000000000000003
}