{
  "accuracy": 0.8775510204081632,
  "macro_f1": 0.7809645565156057,
  "f1_real": 0.9264150943396227,
  "f1_fake": 0.6355140186915887,
  "fake_precision": 0.7391304347826086,
  "fake_recall": 0.5573770491803278,
  "pred_fake": 184,
  "true_fake": 244,
  "tn": 982,
  "fp": 48,
  "fn": 108,
  "tp": 136,
  "threshold": 0.5000000000000002,
  "loss": 0.1067819250543196,
  "epoch": 5,
  "test": {
    "accuracy": 0.8775834658187599,
    "macro_f1": 0.7840174808802871,
    "f1_real": 0.9261744966442953,
    "f1_fake": 0.641860465116279,
    "fake_precision": 0.7040816326530612,
    "fake_recall": 0.5897435897435898,
    "pred_fake": 196,
    "true_fake": 234,
    "tn": 966,
    "fp": 58,
    "fn": 96,
    "tp": 138,
    "threshold": 0.5000000000000002,
    "loss": 0.1033189574167842
  },
  "test_at_0_5": {
    "accuracy": 0.8775834658187599,
    "macro_f1": 0.7840174808802871,
    "f1_real": 0.9261744966442953,
    "f1_fake": 0.641860465116279,
    "fake_precision": 0.7040816326530612,
    "fake_recall": 0.5897435897435898,
    "pred_fake": 196,
    "true_fake": 234,
    "tn": 966,
    "fp": 58,
    "fn": 96,
    "tp": 138,
    "threshold": 0.5
  }
}